{"cameraMode":{"drawMode":0,"name":"Shaded","section":"Shading Mode"},"sceneLighting":true,"audioPlay":false,"sceneViewState":{"showFog":true,"showMaterialUpdate":false,"showSkybox":true,"showFlares":true,"showImageEffects":true,"showParticleSystems":true},"in2DMode":false,"pivot":{"x":11.866571426391602,"y":-10.468878746032715,"z":21.376602172851564},"rotation":{"x":-0.37793079018592837,"y":0.2287759780883789,"z":-0.0969424620270729,"w":-0.8918766379356384},"size":16.86638832092285,"orthographic":false}